OBJECTID,GEOID,GEO,NAME,NEGATIVE,POSITIVE,HOSP_YES,HOSP_NO,HOSP_UNK,POS_FEM,POS_MALE,POS_OTH,POS_0_9,POS_10_19,POS_20_29,POS_30_39,POS_40_49,POS_50_59,POS_60_69,POS_70_79,POS_80_89,POS_90,DEATHS,DTHS_FEM,DTHS_MALE,DTHS_OTH,DTHS_0_9,DTHS_10_19,DTHS_20_29,DTHS_30_39,DTHS_40_49,DTHS_50_59,DTHS_60_69,DTHS_70_79,DTHS_80_89,DTHS_90,IP_Y_0_9,IP_Y_10_19,IP_Y_20_29,IP_Y_30_39,IP_Y_40_49,IP_Y_50_59,IP_Y_60_69,IP_Y_70_79,IP_Y_80_89,IP_Y_90,IP_N_0_9,IP_N_10_19,IP_N_20_29,IP_N_30_39,IP_N_40_49,IP_N_50_59,IP_N_60_69,IP_N_70_79,IP_N_80_89,IP_N_90,IP_U_0_9,IP_U_10_19,IP_U_20_29,IP_U_30_39,IP_U_40_49,IP_U_50_59,IP_U_60_69,IP_U_70_79,IP_U_80_89,IP_U_90,IC_YES,IC_Y_0_9,IC_Y_10_19,IC_Y_20_29,IC_Y_30_39,IC_Y_40_49,IC_Y_50_59,IC_Y_60_69,IC_Y_70_79,IC_Y_80_89,IC_Y_90,POS_AIAN,POS_ASN,POS_BLK,POS_WHT,POS_MLTOTH,POS_UNK,POS_E_HSP,POS_E_NHSP,POS_E_UNK,DTH_AIAN,DTH_ASN,DTH_BLK,DTH_WHT,DTH_MLTOTH,DTH_UNK,DTH_E_HSP,DTH_E_NHSP,DTH_E_UNK,POS_HC_Y,POS_HC_N,POS_HC_UNK,DTH_NEW,POS_NEW,NEG_NEW,TEST_NEW,DATE
55,55105,County,Rock,,0,,,,,,,,,,,,,,,,,0,,,,,,,,,,,,,,,,,,,,,,,,,,,,,,,,,,,,,,,,,,,,,,,,,,,,,,,,,,,,,,,,,,,,,,,,,,,,,,,,2020/03/15 14:00:00+00
128,55105,County,Rock,,0,,,,,,,,,,,,,,,,,0,,,,,,,,,,,,,,,,,,,,,,,,,,,,,,,,,,,,,,,,,,,,,,,,,,,,,,,,,,,,,,,,,,,,,,,,,,,,0,0,,,2020/03/16 14:00:00+00
2573,55105,County,Rock,13676,791,98,487,206,,,,,,,,,,,,,,23,,,,,,,,,,,,,,,,,,,,,,,,,,,,,,,,,,,,,,,,,,,,,,,,,,,,,,,,,,,,,,,,,,,,,,,,,,,,0,0,-2,-2,2020/06/22 14:00:00+00
3314,55105,County,Rock,13678,791,98,487,206,,,,,,,,,,,,,,23,,,,,,,,,,,,,,,,,,,,,,,,,,,,,,,,,,,,,,,,,,,,,,,,,,,,,,,,,,,,,,,,,,,,,,,,,,,,0,8,192,200,2020/06/21 14:00:00+00
5143,55105,County,Rock,13486,783,98,484,201,,,,,,,,,,,,,,23,,,,,,,,,,,,,,,,,,,,,,,,,,,,,,,,,,,,,,,,,,,,,,,,,,,,,,,,,,,,,,,,,,,,,,,,,,,,0,6,188,194,2020/06/20 14:00:00+00
5988,55105,County,Rock,8690,639,83,369,187,,,,,,,,,,,,,,19,,,,,,,,,,,,,,,,,,,,,,,,,,,,,,,,,,,,,,,,,,,,,,,,,,,,,,,,,,,,,,,,,,,,,,,,,,,,0,3,50,53,2020/06/01 14:00:00+00
7275,55105,County,Rock,8960,646,85,371,190,,,,,,,,,,,,,,19,,,,,,,,,,,,,,,,,,,,,,,,,,,,,,,,,,,,,,,,,,,,,,,,,,,,,,,,,,,,,,,,,,,,,,,,,,,,0,7,270,277,2020/06/02 14:00:00+00
8321,55105,County,Rock,9433,658,86,382,190,,,,,,,,,,,,,,19,,,,,,,,,,,,,,,,,,,,,,,,,,,,,,,,,,,,,,,,,,,,,,,,,,,,,,,,,,,,,,,,,,,,,,,,,,,,0,12,473,485,2020/06/03 14:00:00+00
10191,55105,County,Rock,9496,671,86,386,199,,,,,,,,,,,,,,20,,,,,,,,,,,,,,,,,,,,,,,,,,,,,,,,,,,,,,,,,,,,,,,,,,,,,,,,,,,,,,,,,,,,,,,,,,,,1,13,63,76,2020/06/04 14:00:00+00
10739,55105,County,Rock,9799,682,86,397,199,,,,,,,,,,,,,,20,,,,,,,,,,,,,,,,,,,,,,,,,,,,,,,,,,,,,,,,,,,,,,,,,,,,,,,,,,,,,,,,,,,,,,,,,,,,0,11,303,314,2020/06/05 14:00:00+00
12124,55105,County,Rock,1441,120,,,,,,,,,,,,,,,,,4,,,,,,,,,,,,,,,,,,,,,,,,,,,,,,,,,,,,,,,,,,,,,,,,,,,,,,,,,,,,,,,,,,,,,,,,,,,,0,21,42,63,2020/04/24 14:00:00+00
12640,55105,County,Rock,1533,151,,,,,,,,,,,,,,,,,4,,,,,,,,,,,,,,,,,,,,,,,,,,,,,,,,,,,,,,,,,,,,,,,,,,,,,,,,,,,,,,,,,,,,,,,,,,,,0,31,92,123,2020/04/25 14:00:00+00
15074,55105,County,Rock,1546,151,,,,,,,,,,,,,,,,,5,,,,,,,,,,,,,,,,,,,,,,,,,,,,,,,,,,,,,,,,,,,,,,,,,,,,,,,,,,,,,,,,,,,,,,,,,,,,1,0,13,13,2020/04/26 14:00:00+00
16431,55105,County,Rock,1667,164,,,,,,,,,,,,,,,,,5,,,,,,,,,,,,,,,,,,,,,,,,,,,,,,,,,,,,,,,,,,,,,,,,,,,,,,,,,,,,,,,,,,,,,,,,,,,,0,13,121,134,2020/04/27 14:00:00+00
18024,55105,County,Rock,1745,178,,,,,,,,,,,,,,,,,6,,,,,,,,,,,,,,,,,,,,,,,,,,,,,,,,,,,,,,,,,,,,,,,,,,,,,,,,,,,,,,,,,,,,,,,,,,,,1,14,78,92,2020/04/28 14:00:00+00
19499,55105,County,Rock,1797,183,,,,,,,,,,,,,,,,,6,,,,,,,,,,,,,,,,,,,,,,,,,,,,,,,,,,,,,,,,,,,,,,,,,,,,,,,,,,,,,,,,,,,,,,,,,,,,0,5,52,57,2020/04/29 14:00:00+00
20375,55105,County,Rock,1961,198,,,,,,,,,,,,,,,,,6,,,,,,,,,,,,,,,,,,,,,,,,,,,,,,,,,,,,,,,,,,,,,,,,,,,,,,,,,,,,,,,,,,,,,,,,,,,,0,15,164,179,2020/04/30 14:00:00+00
22449,55105,County,Rock,2095,222,,,,,,,,,,,,,,,,,6,,,,,,,,,,,,,,,,,,,,,,,,,,,,,,,,,,,,,,,,,,,,,,,,,,,,,,,,,,,,,,,,,,,,,,,,,,,,0,24,134,158,2020/05/01 14:00:00+00
23924,55105,County,Rock,2217,243,,,,,,,,,,,,,,,,,7,,,,,,,,,,,,,,,,,,,,,,,,,,,,,,,,,,,,,,,,,,,,,,,,,,,,,,,,,,,,,,,,,,,,,,,,,,,,1,21,122,143,2020/05/02 14:00:00+00
25658,55105,County,Rock,2313,262,,,,,,,,,,,,,,,,,7,,,,,,,,,,,,,,,,,,,,,,,,,,,,,,,,,,,,,,,,,,,,,,,,,,,,,,,,,,,,,,,,,,,,,,,,,,,,0,19,96,115,2020/05/03 14:00:00+00
26874,55105,County,Rock,2446,289,,,,,,,,,,,,,,,,,7,,,,,,,,,,,,,,,,,,,,,,,,,,,,,,,,,,,,,,,,,,,,,,,,,,,,,,,,,,,,,,,,,,,,,,,,,,,,0,27,133,160,2020/05/04 14:00:00+00
28127,55105,County,Rock,2513,301,,,,,,,,,,,,,,,,,9,,,,,,,,,,,,,,,,,,,,,,,,,,,,,,,,,,,,,,,,,,,,,,,,,,,,,,,,,,,,,,,,,,,,,,,,,,,,2,12,67,79,2020/05/05 14:00:00+00
29824,55105,County,Rock,2628,311,,,,,,,,,,,,,,,,,10,,,,,,,,,,,,,,,,,,,,,,,,,,,,,,,,,,,,,,,,,,,,,,,,,,,,,,,,,,,,,,,,,,,,,,,,,,,,1,10,115,125,2020/05/06 14:00:00+00
31299,55105,County,Rock,2847,324,,,,,,,,,,,,,,,,,12,,,,,,,,,,,,,,,,,,,,,,,,,,,,,,,,,,,,,,,,,,,,,,,,,,,,,,,,,,,,,,,,,,,,,,,,,,,,2,13,219,232,2020/05/07 14:00:00+00
32702,55105,County,Rock,4127,406,55,259,92,,,,,,,,,,,,,,14,,,,,,,,,,,,,,,,,,,,,,,,,,,,,,,,,,,,,,,,,,,,,,,,,,,,,,,,,,,,,,,,,,,,,,,,,,,,0,13,197,210,2020/05/15 14:00:00+00
33234,55105,County,Rock,4213,422,56,268,98,,,,,,,,,,,,,,14,,,,,,,,,,,,,,,,,,,,,,,,,,,,,,,,,,,,,,,,,,,,,,,,,,,,,,,,,,,,,,,,,,,,,,,,,,,,0,16,86,102,2020/05/16 14:00:00+00
35652,55105,County,Rock,4325,429,56,272,101,,,,,,,,,,,,,,14,,,,,,,,,,,,,,,,,,,,,,,,,,,,,,,,,,,,,,,,,,,,,,,,,,,,,,,,,,,,,,,,,,,,,,,,,,,,0,7,112,119,2020/05/17 14:00:00+00
37042,55105,County,Rock,4376,432,56,274,102,,,,,,,,,,,,,,14,,,,,,,,,,,,,,,,,,,,,,,,,,,,,,,,,,,,,,,,,,,,,,,,,,,,,,,,,,,,,,,,,,,,,,,,,,,,0,3,51,54,2020/05/18 14:00:00+00
38602,55105,County,Rock,4475,438,57,281,100,,,,,,,,,,,,,,14,,,,,,,,,,,,,,,,,,,,,,,,,,,,,,,,,,,,,,,,,,,,,,,,,,,,,,,,,,,,,,,,,,,,,,,,,,,,0,6,99,105,2020/05/19 14:00:00+00
40077,55105,County,Rock,4592,452,59,292,101,,,,,,,,,,,,,,14,,,,,,,,,,,,,,,,,,,,,,,,,,,,,,,,,,,,,,,,,,,,,,,,,,,,,,,,,,,,,,,,,,,,,,,,,,,,0,14,117,131,2020/05/20 14:00:00+00
40986,55105,County,Rock,4708,493,63,301,129,,,,,,,,,,,,,,14,,,,,,,,,,,,,,,,,,,,,,,,,,,,,,,,,,,,,,,,,,,,,,,,,,,,,,,,,,,,,,,,,,,,,,,,,,,,0,41,116,157,2020/05/21 14:00:00+00
43027,55105,County,Rock,5301,520,65,315,140,,,,,,,,,,,,,,15,,,,,,,,,,,,,,,,,,,,,,,,,,,,,,,,,,,,,,,,,,,,,,,,,,,,,,,,,,,,,,,,,,,,,,,,,,,,1,27,593,620,2020/05/22 14:00:00+00
44502,55105,County,Rock,5247,529,67,324,138,,,,,,,,,,,,,,16,,,,,,,,,,,,,,,,,,,,,,,,,,,,,,,,,,,,,,,,,,,,,,,,,,,,,,,,,,,,,,,,,,,,,,,,,,,,1,9,-54,-45,2020/05/23 14:00:00+00
46269,55105,County,Rock,5819,545,67,331,147,,,,,,,,,,,,,,16,,,,,,,,,,,,,,,,,,,,,,,,,,,,,,,,,,,,,,,,,,,,,,,,,,,,,,,,,,,,,,,,,,,,,,,,,,,,0,16,572,588,2020/05/24 14:00:00+00
47452,55105,County,Rock,6523,569,68,339,162,,,,,,,,,,,,,,16,,,,,,,,,,,,,,,,,,,,,,,,,,,,,,,,,,,,,,,,,,,,,,,,,,,,,,,,,,,,,,,,,,,,,,,,,,,,0,24,704,728,2020/05/25 14:00:00+00
48738,55105,County,Rock,7575,583,73,342,168,,,,,,,,,,,,,,16,,,,,,,,,,,,,,,,,,,,,,,,,,,,,,,,,,,,,,,,,,,,,,,,,,,,,,,,,,,,,,,,,,,,,,,,,,,,0,14,1052,1066,2020/05/26 14:00:00+00
50402,55105,County,Rock,7611,588,78,343,167,,,,,,,,,,,,,,18,,,,,,,,,,,,,,,,,,,,,,,,,,,,,,,,,,,,,,,,,,,,,,,,,,,,,,,,,,,,,,,,,,,,,,,,,,,,2,5,36,41,2020/05/27 14:00:00+00
51877,55105,County,Rock,7875,607,79,348,180,,,,,,,,,,,,,,18,,,,,,,,,,,,,,,,,,,,,,,,,,,,,,,,,,,,,,,,,,,,,,,,,,,,,,,,,,,,,,,,,,,,,,,,,,,,0,19,264,283,2020/05/28 14:00:00+00
52546,55105,County,Rock,8326,620,81,354,185,,,,,,,,,,,,,,18,,,,,,,,,,,,,,,,,,,,,,,,,,,,,,,,,,,,,,,,,,,,,,,,,,,,,,,,,,,,,,,,,,,,,,,,,,,,0,13,451,464,2020/05/29 14:00:00+00
52726,55105,County,Rock,3005,343,,,,,,,,,,,,,,,,,12,,,,,,,,,,,,,,,,,,,,,,,,,,,,,,,,,,,,,,,,,,,,,,,,,,,,,,,,,,,,,,,,,,,,,,,,,,,,0,19,158,177,2020/05/08 14:00:00+00
55040,55105,County,Rock,3105,347,,,,,,,,,,,,,,,,,13,,,,,,,,,,,,,,,,,,,,,,,,,,,,,,,,,,,,,,,,,,,,,,,,,,,,,,,,,,,,,,,,,,,,,,,,,,,,1,4,100,104,2020/05/09 14:00:00+00
56515,55105,County,Rock,3222,354,,,,,,,,,,,,,,,,,13,,,,,,,,,,,,,,,,,,,,,,,,,,,,,,,,,,,,,,,,,,,,,,,,,,,,,,,,,,,,,,,,,,,,,,,,,,,,0,7,117,124,2020/05/10 14:00:00+00
58145,55105,County,Rock,3378,361,53,227,81,,,,,,,,,,,,,,13,,,,,,,,,,,,,,,,,,,,,,,,,,,,,,,,,,,,,,,,,,,,,,,,,,,,,,,,,,,,,,,,,,,,,,,,,,,,0,7,156,163,2020/05/11 14:00:00+00
59465,55105,County,Rock,3553,369,53,233,83,,,,,,,,,,,,,,13,,,,,,,,,,,,,,,,,,,,,,,,,,,,,,,,,,,,,,,,,,,,,,,,,,,,,,,,,,,,,,,,,,,,,,,,,,,,0,8,175,183,2020/05/12 14:00:00+00
60478,55105,County,Rock,3705,380,53,240,87,,,,,,,,,,,,,,13,,,,,,,,,,,,,,,,,,,,,,,,,,,,,,,,,,,,,,,,,,,,,,,,,,,,,,,,,,,,,,,,,,,,,,,,,,,,0,11,152,163,2020/05/13 14:00:00+00
62415,55105,County,Rock,3930,393,53,249,91,,,,,,,,,,,,,,14,,,,,,,,,,,,,,,,,,,,,,,,,,,,,,,,,,,,,,,,,,,,,,,,,,,,,,,,,,,,,,,,,,,,,,,,,,,,1,13,225,238,2020/05/14 14:00:00+00
63062,55105,County,Rock,,0,,,,,,,,,,,,,,,,,0,,,,,,,,,,,,,,,,,,,,,,,,,,,,,,,,,,,,,,,,,,,,,,,,,,,,,,,,,,,,,,,,,,,,,,,,,,,,0,0,,,2020/03/17 14:00:00+00
63135,55105,County,Rock,,0,,,,,,,,,,,,,,,,,0,,,,,,,,,,,,,,,,,,,,,,,,,,,,,,,,,,,,,,,,,,,,,,,,,,,,,,,,,,,,,,,,,,,,,,,,,,,,0,0,,,2020/03/18 14:00:00+00
63208,55105,County,Rock,,0,,,,,,,,,,,,,,,,,0,,,,,,,,,,,,,,,,,,,,,,,,,,,,,,,,,,,,,,,,,,,,,,,,,,,,,,,,,,,,,,,,,,,,,,,,,,,,0,0,,,2020/03/19 14:00:00+00
63281,55105,County,Rock,,1,,,,,,,,,,,,,,,,,0,,,,,,,,,,,,,,,,,,,,,,,,,,,,,,,,,,,,,,,,,,,,,,,,,,,,,,,,,,,,,,,,,,,,,,,,,,,,0,1,,,2020/03/20 14:00:00+00
63354,55105,County,Rock,,3,,,,,,,,,,,,,,,,,0,,,,,,,,,,,,,,,,,,,,,,,,,,,,,,,,,,,,,,,,,,,,,,,,,,,,,,,,,,,,,,,,,,,,,,,,,,,,0,2,,,2020/03/21 14:00:00+00
63427,55105,County,Rock,,3,,,,,,,,,,,,,,,,,0,,,,,,,,,,,,,,,,,,,,,,,,,,,,,,,,,,,,,,,,,,,,,,,,,,,,,,,,,,,,,,,,,,,,,,,,,,,,0,0,,,2020/03/22 14:00:00+00
63500,55105,County,Rock,,3,,,,,,,,,,,,,,,,,0,,,,,,,,,,,,,,,,,,,,,,,,,,,,,,,,,,,,,,,,,,,,,,,,,,,,,,,,,,,,,,,,,,,,,,,,,,,,0,0,,,2020/03/23 14:00:00+00
63573,55105,County,Rock,,3,,,,,,,,,,,,,,,,,0,,,,,,,,,,,,,,,,,,,,,,,,,,,,,,,,,,,,,,,,,,,,,,,,,,,,,,,,,,,,,,,,,,,,,,,,,,,,0,0,,,2020/03/24 14:00:00+00
63646,55105,County,Rock,,4,,,,,,,,,,,,,,,,,0,,,,,,,,,,,,,,,,,,,,,,,,,,,,,,,,,,,,,,,,,,,,,,,,,,,,,,,,,,,,,,,,,,,,,,,,,,,,0,1,,,2020/03/25 14:00:00+00
63719,55105,County,Rock,,8,,,,,,,,,,,,,,,,,0,,,,,,,,,,,,,,,,,,,,,,,,,,,,,,,,,,,,,,,,,,,,,,,,,,,,,,,,,,,,,,,,,,,,,,,,,,,,0,4,,,2020/03/26 14:00:00+00
63792,55105,County,Rock,,12,,,,,,,,,,,,,,,,,0,,,,,,,,,,,,,,,,,,,,,,,,,,,,,,,,,,,,,,,,,,,,,,,,,,,,,,,,,,,,,,,,,,,,,,,,,,,,0,4,,,2020/03/27 14:00:00+00
63865,55105,County,Rock,,12,,,,,,,,,,,,,,,,,0,,,,,,,,,,,,,,,,,,,,,,,,,,,,,,,,,,,,,,,,,,,,,,,,,,,,,,,,,,,,,,,,,,,,,,,,,,,,0,0,,,2020/03/28 14:00:00+00
63938,55105,County,Rock,,14,,,,,,,,,,,,,,,,,0,,,,,,,,,,,,,,,,,,,,,,,,,,,,,,,,,,,,,,,,,,,,,,,,,,,,,,,,,,,,,,,,,,,,,,,,,,,,0,2,,,2020/03/29 14:00:00+00
64011,55105,County,Rock,459,15,,,,,,,,,,,,,,,,,0,,,,,,,,,,,,,,,,,,,,,,,,,,,,,,,,,,,,,,,,,,,,,,,,,,,,,,,,,,,,,,,,,,,,,,,,,,,,0,1,,,2020/03/30 14:00:00+00
64084,55105,County,Rock,509,16,,,,,,,,,,,,,,,,,0,,,,,,,,,,,,,,,,,,,,,,,,,,,,,,,,,,,,,,,,,,,,,,,,,,,,,,,,,,,,,,,,,,,,,,,,,,,,0,1,50,51,2020/03/31 14:00:00+00
64157,55105,County,Rock,539,17,,,,,,,,,,,,,,,,,1,,,,,,,,,,,,,,,,,,,,,,,,,,,,,,,,,,,,,,,,,,,,,,,,,,,,,,,,,,,,,,,,,,,,,,,,,,,,1,1,30,31,2020/04/01 14:00:00+00
64230,55105,County,Rock,576,19,,,,,,,,,,,,,,,,,1,,,,,,,,,,,,,,,,,,,,,,,,,,,,,,,,,,,,,,,,,,,,,,,,,,,,,,,,,,,,,,,,,,,,,,,,,,,,0,2,37,39,2020/04/02 14:00:00+00
64303,55105,County,Rock,584,20,,,,,,,,,,,,,,,,,1,,,,,,,,,,,,,,,,,,,,,,,,,,,,,,,,,,,,,,,,,,,,,,,,,,,,,,,,,,,,,,,,,,,,,,,,,,,,0,1,8,9,2020/04/03 14:00:00+00
64376,55105,County,Rock,659,26,,,,,,,,,,,,,,,,,1,,,,,,,,,,,,,,,,,,,,,,,,,,,,,,,,,,,,,,,,,,,,,,,,,,,,,,,,,,,,,,,,,,,,,,,,,,,,0,6,75,81,2020/04/04 14:00:00+00
64449,55105,County,Rock,699,28,,,,,,,,,,,,,,,,,2,,,,,,,,,,,,,,,,,,,,,,,,,,,,,,,,,,,,,,,,,,,,,,,,,,,,,,,,,,,,,,,,,,,,,,,,,,,,1,2,40,42,2020/04/05 14:00:00+00
64522,55105,County,Rock,781,34,,,,,,,,,,,,,,,,,2,,,,,,,,,,,,,,,,,,,,,,,,,,,,,,,,,,,,,,,,,,,,,,,,,,,,,,,,,,,,,,,,,,,,,,,,,,,,0,6,82,88,2020/04/06 14:00:00+00
64595,55105,County,Rock,824,37,,,,,,,,,,,,,,,,,2,,,,,,,,,,,,,,,,,,,,,,,,,,,,,,,,,,,,,,,,,,,,,,,,,,,,,,,,,,,,,,,,,,,,,,,,,,,,0,3,43,46,2020/04/07 14:00:00+00
64668,55105,County,Rock,855,42,,,,,,,,,,,,,,,,,2,,,,,,,,,,,,,,,,,,,,,,,,,,,,,,,,,,,,,,,,,,,,,,,,,,,,,,,,,,,,,,,,,,,,,,,,,,,,0,5,31,36,2020/04/08 14:00:00+00
64741,55105,County,Rock,888,47,,,,,,,,,,,,,,,,,2,,,,,,,,,,,,,,,,,,,,,,,,,,,,,,,,,,,,,,,,,,,,,,,,,,,,,,,,,,,,,,,,,,,,,,,,,,,,0,5,33,38,2020/04/09 14:00:00+00
64814,55105,County,Rock,929,51,,,,,,,,,,,,,,,,,2,,,,,,,,,,,,,,,,,,,,,,,,,,,,,,,,,,,,,,,,,,,,,,,,,,,,,,,,,,,,,,,,,,,,,,,,,,,,0,4,41,45,2020/04/10 14:00:00+00
65931,55105,County,Rock,947,53,,,,,,,,,,,,,,,,,3,,,,,,,,,,,,,,,,,,,,,,,,,,,,,,,,,,,,,,,,,,,,,,,,,,,,,,,,,,,,,,,,,,,,,,,,,,,,1,2,18,20,2020/04/11 14:00:00+00
67649,55105,County,Rock,993,56,,,,,,,,,,,,,,,,,3,,,,,,,,,,,,,,,,,,,,,,,,,,,,,,,,,,,,,,,,,,,,,,,,,,,,,,,,,,,,,,,,,,,,,,,,,,,,0,3,46,49,2020/04/12 14:00:00+00
68881,55105,County,Rock,1002,60,,,,,,,,,,,,,,,,,3,,,,,,,,,,,,,,,,,,,,,,,,,,,,,,,,,,,,,,,,,,,,,,,,,,,,,,,,,,,,,,,,,,,,,,,,,,,,0,4,9,13,2020/04/13 14:00:00+00
70118,55105,County,Rock,1036,59,,,,,,,,,,,,,,,,,4,,,,,,,,,,,,,,,,,,,,,,,,,,,,,,,,,,,,,,,,,,,,,,,,,,,,,,,,,,,,,,,,,,,,,,,,,,,,1,-1,34,33,2020/04/14 14:00:00+00
71831,55105,County,Rock,1072,62,,,,,,,,,,,,,,,,,4,,,,,,,,,,,,,,,,,,,,,,,,,,,,,,,,,,,,,,,,,,,,,,,,,,,,,,,,,,,,,,,,,,,,,,,,,,,,0,3,36,39,2020/04/15 14:00:00+00
73306,55105,County,Rock,1108,63,,,,,,,,,,,,,,,,,4,,,,,,,,,,,,,,,,,,,,,,,,,,,,,,,,,,,,,,,,,,,,,,,,,,,,,,,,,,,,,,,,,,,,,,,,,,,,0,1,36,37,2020/04/16 14:00:00+00
73926,55105,County,Rock,1125,63,,,,,,,,,,,,,,,,,4,,,,,,,,,,,,,,,,,,,,,,,,,,,,,,,,,,,,,,,,,,,,,,,,,,,,,,,,,,,,,,,,,,,,,,,,,,,,0,0,17,17,2020/04/17 14:00:00+00
76256,55105,County,Rock,1167,68,,,,,,,,,,,,,,,,,4,,,,,,,,,,,,,,,,,,,,,,,,,,,,,,,,,,,,,,,,,,,,,,,,,,,,,,,,,,,,,,,,,,,,,,,,,,,,0,5,42,47,2020/04/18 14:00:00+00
77731,55105,County,Rock,1210,74,,,,,,,,,,,,,,,,,4,,,,,,,,,,,,,,,,,,,,,,,,,,,,,,,,,,,,,,,,,,,,,,,,,,,,,,,,,,,,,,,,,,,,,,,,,,,,0,6,43,49,2020/04/19 14:00:00+00
79345,55105,County,Rock,1246,80,,,,,,,,,,,,,,,,,4,,,,,,,,,,,,,,,,,,,,,,,,,,,,,,,,,,,,,,,,,,,,,,,,,,,,,,,,,,,,,,,,,,,,,,,,,,,,0,6,36,42,2020/04/20 14:00:00+00
80681,55105,County,Rock,1274,83,,,,,,,,,,,,,,,,,4,,,,,,,,,,,,,,,,,,,,,,,,,,,,,,,,,,,,,,,,,,,,,,,,,,,,,,,,,,,,,,,,,,,,,,,,,,,,0,3,28,31,2020/04/21 14:00:00+00
81678,55105,County,Rock,1324,86,,,,,,,,,,,,,,,,,4,,,,,,,,,,,,,,,,,,,,,,,,,,,,,,,,,,,,,,,,,,,,,,,,,,,,,,,,,,,,,,,,,,,,,,,,,,,,0,3,50,53,2020/04/22 14:00:00+00
83631,55105,County,Rock,1399,99,,,,,,,,,,,,,,,,,4,,,,,,,,,,,,,,,,,,,,,,,,,,,,,,,,,,,,,,,,,,,,,,,,,,,,,,,,,,,,,,,,,,,,,,,,,,,,0,13,75,88,2020/04/23 14:00:00+00
85991,55105,County,Rock,10237,685,86,400,199,,,,,,,,,,,,,,21,,,,,,,,,,,,,,,,,,,,,,,,,,,,,,,,,,,,,,,,,,,,,,,,,,,,,,,,,,,,,,,,,,,,,,,,,,,,1,3,438,441,2020/06/06 14:00:00+00
87738,55105,County,Rock,10410,685,86,400,199,,,,,,,,,,,,,,21,,,,,,,,,,,,,,,,,,,,,,,,,,,,,,,,,,,,,,,,,,,,,,,,,,,,,,,,,,,,,,,,,,,,,,,,,,,,0,0,173,173,2020/06/07 14:00:00+00
89349,55105,County,Rock,10590,707,87,410,210,,,,,,,,,,,,,,21,,,,,,,,,,,,,,,,,,,,,,,,,,,,,,,,,,,,,,,,,,,,,,,,,,,,,,,,,,,,,,,,,,,,,,,,,,,,0,22,180,202,2020/06/08 14:00:00+00
90688,55105,County,Rock,11290,714,89,419,206,,,,,,,,,,,,,,21,,,,,,,,,,,,,,,,,,,,,,,,,,,,,,,,,,,,,,,,,,,,,,,,,,,,,,,,,,,,,,,,,,,,,,,,,,,,0,7,700,707,2020/06/09 14:00:00+00
91097,55105,County,Rock,11556,724,91,427,206,,,,,,,,,,,,,,21,,,,,,,,,,,,,,,,,,,,,,,,,,,,,,,,,,,,,,,,,,,,,,,,,,,,,,,,,,,,,,,,,,,,,,,,,,,,0,10,266,276,2020/06/10 14:00:00+00
92572,55105,County,Rock,11629,729,92,436,201,,,,,,,,,,,,,,21,,,,,,,,,,,,,,,,,,,,,,,,,,,,,,,,,,,,,,,,,,,,,,,,,,,,,,,,,,,,,,,,,,,,,,,,,,,,0,5,73,78,2020/06/11 14:00:00+00
94999,55105,County,Rock,11922,744,93,446,205,,,,,,,,,,,,,,21,,,,,,,,,,,,,,,,,,,,,,,,,,,,,,,,,,,,,,,,,,,,,,,,,,,,,,,,,,,,,,,,,,,,,,,,,,,,0,15,293,308,2020/06/12 14:00:00+00
96066,55105,County,Rock,12151,752,93,453,206,,,,,,,,,,,,,,21,,,,,,,,,,,,,,,,,,,,,,,,,,,,,,,,,,,,,,,,,,,,,,,,,,,,,,,,,,,,,,,,,,,,,,,,,,,,0,8,229,237,2020/06/13 14:00:00+00
96861,55105,County,Rock,12433,754,93,454,207,,,,,,,,,,,,,,21,,,,,,,,,,,,,,,,,,,,,,,,,,,,,,,,,,,,,,,,,,,,,,,,,,,,,,,,,,,,,,,,,,,,,,,,,,,,0,2,282,284,2020/06/14 14:00:00+00
100520,55105,County,Rock,8601,632,81,360,191,,,,,,,,,,,,,,19,,,,,,,,,,,,,,,,,,,,,,,,,,,,,,,,,,,,,,,,,,,,,,,,,,,,,,,,,,,,,,,,,,,,,,,,,,,,1,12,275,287,2020/05/30 14:00:00+00
101995,55105,County,Rock,8640,636,82,366,188,,,,,,,,,,,,,,19,,,,,,,,,,,,,,,,,,,,,,,,,,,,,,,,,,,,,,,,,,,,,,,,,,,,,,,,,,,,,,,,,,,,,,,,,,,,0,4,39,43,2020/05/31 14:00:00+00
104132,55105,County,Rock,12439,754,93,454,207,,,,,,,,,,,,,,21,,,,,,,,,,,,,,,,,,,,,,,,,,,,,,,,,,,,,,,,,,,,,,,,,,,,,,,,,,,,,,,,,,,,,,,,,,,,0,0,6,6,2020/06/15 14:00:00+00
104791,55105,County,Rock,12779,761,93,460,208,,,,,,,,,,,,,,22,,,,,,,,,,,,,,,,,,,,,,,,,,,,,,,,,,,,,,,,,,,,,,,,,,,,,,,,,,,,,,,,,,,,,,,,,,,,1,7,340,347,2020/06/16 14:00:00+00
106473,55105,County,Rock,15761,899,109,558,232,,,,,,,,,,,,,,24,,,,,,,,,,,,,,,,,,,,,,,,,,,,,,,,,,,,,,,,,,,,,,,,,,,,,,,,,,,,,,,,,,,,,,,,,,,,0,2,12,14,2020/07/05 14:00:00+00
108220,55105,County,Rock,15852,940,111,569,260,,,,,,,,,,,,,,24,,,,,,,,,,,,,,,,,,,,,,,,,,,,,,,,,,,,,,,,,,,,,,,,,,,,,,,,,,,,,,,,,,,,,,,,,,,,0,41,91,132,2020/07/06 14:00:00+00
108914,55105,County,Rock,15749,897,109,558,230,,,,,,,,,,,,,,24,,,,,,,,,,,,,,,,,,,,,,,,,,,,,,,,,,,,,,,,,,,,,,,,,,,,,,,,,,,,,,,,,,,,,,,,,,,,0,0,2,2,2020/07/04 14:00:00+00
110134,55105,County,Rock,15747,897,109,558,230,,,,,,,,,,,,,,24,,,,,,,,,,,,,,,,,,,,,,,,,,,,,,,,,,,,,,,,,,,,,,,,,,,,,,,,,,,,,,,,,,,,,,,,,,,,0,15,157,172,2020/07/03 14:00:00+00
111687,55105,County,Rock,15590,882,108,545,229,,,,,,,,,,,,,,24,,,,,,,,,,,,,,,,,,,,,,,,,,,,,,,,,,,,,,,,,,,,,,,,,,,,,,,,,,,,,,,,,,,,,,,,,,,,0,9,228,237,2020/07/02 14:00:00+00
113712,55105,County,Rock,12985,767,94,466,207,,,,,,,,,,,,,,22,,,,,,,,,,,,,,,,,,,,,,,,,,,,,,,,,,,,,,,,,,,,,,,,,,,,,,,,,,,,,,,,,,,,,,,,,,,,0,6,206,212,2020/06/17 14:00:00+00
115306,55105,County,Rock,13152,773,96,466,211,,,,,,,,,,,,,,22,,,,,,,,,,,,,,,,,,,,,,,,,,,,,,,,,,,,,,,,,,,,,,,,,,,,,,,,,,,,,,,,,,,,,,,,,,,,0,6,167,173,2020/06/18 14:00:00+00
117505,55105,County,Rock,24882,1425,151,913,361,,,,,,,,,,,,,,26,,,,,,,,,,,,,,,,,,,,,,,,,,,,,,,,,,,,,,,,,,,,,,,,,,,,,,,,,,,,,,,,,,,,,,,,,,,,0,15,221,236,2020/08/08 14:00:00+00
119152,55105,County,Rock,13298,777,97,473,207,,,,,,,,,,,,,,23,,,,,,,,,,,,,,,,,,,,,,,,,,,,,,,,,,,,,,,,,,,,,,,,,,,,,,,,,,,,,,,,,,,,,,,,,,,,1,4,146,150,2020/06/19 14:00:00+00
121075,55105,County,Rock,14356,819,105,503,211,,,,,,,,,,,,,,23,,,,,,,,,,,,,,,,,,,,,,,,,,,,,,,,,,,,,,,,,,,,,,,,,,,,,,,,,,,,,,,,,,,,,,,,,,,,0,3,215,218,2020/06/25 14:00:00+00
122958,55105,County,Rock,14506,827,105,511,211,,,,,,,,,,,,,,23,,,,,,,,,,,,,,,,,,,,,,,,,,,,,,,,,,,,,,,,,,,,,,,,,,,,,,,,,,,,,,,,,,,,,,,,,,,,0,8,150,158,2020/06/26 14:00:00+00
123796,55105,County,Rock,14141,816,101,499,216,,,,,,,,,,,,,,23,,,,,,,,,,,,,,,,,,,,,,,,,,,,,,,,,,,,,,,,,,,,,,,,,,,,,,,,,,,,,,,,,,,,,,,,,,,,0,16,371,387,2020/06/24 14:00:00+00
124538,55105,County,Rock,13770,800,101,494,205,,,,,,,,,,,,,,23,,,,,,,,,,,,,,,,,,,,,,,,,,,,,,,,,,,,,,,,,,,,,,,,,,,,,,,,,,,,,,,,,,,,,,,,,,,,0,9,94,103,2020/06/23 14:00:00+00
125733,55105,County,Rock,14752,839,106,519,214,,,,,,,,,,,,,,23,,,,,,,,,,,,,,,,,,,,,,,,,,,,,,,,,,,,,,,,,,,,,,,,,,,,,,,,,,,,,,,,,,,,,,,,,,,,0,12,246,258,2020/06/27 14:00:00+00
127208,55105,County,Rock,14928,848,105,527,216,,,,,,,,,,,,,,23,,,,,,,,,,,,,,,,,,,,,,,,,,,,,,,,,,,,,,,,,,,,,,,,,,,,,,,,,,,,,,,,,,,,,,,,,,,,0,9,176,185,2020/06/28 14:00:00+00
128526,55105,County,Rock,15064,853,105,531,217,,,,,,,,,,,,,,23,,,,,,,,,,,,,,,,,,,,,,,,,,,,,,,,,,,,,,,,,,,,,,,,,,,,,,,,,,,,,,,,,,,,,,,,,,,,0,5,136,141,2020/06/29 14:00:00+00
129070,55105,County,Rock,15239,864,107,534,223,,,,,,,,,,,,,,24,,,,,,,,,,,,,,,,,,,,,,,,,,,,,,,,,,,,,,,,,,,,,,,,,,,,,,,,,,,,,,,,,,,,,,,,,,,,1,11,175,186,2020/06/30 14:00:00+00
130740,55105,County,Rock,26178,1470,155,945,370,,,,,,,,,,,,,,26,,,,,,,,,,,,,,,,,,,,,,,,,,,,,,,,,,,,,,,,,,,,,,,,,,,,,,,,,,,,,,,,,,,,,,,,,,,,0,8,196,204,2020/08/14 14:00:00+00
133783,55105,County,Rock,25982,1462,153,941,368,,,,,,,,,,,,,,26,,,,,,,,,,,,,,,,,,,,,,,,,,,,,,,,,,,,,,,,,,,,,,,,,,,,,,,,,,,,,,,,,,,,,,,,,,,,0,15,222,237,2020/08/13 14:00:00+00
134498,55105,County,Rock,25760,1447,153,930,364,,,,,,,,,,,,,,26,,,,,,,,,,,,,,,,,,,,,,,,,,,,,,,,,,,,,,,,,,,,,,,,,,,,,,,,,,,,,,,,,,,,,,,,,,,,0,3,183,186,2020/08/12 14:00:00+00
136150,55105,County,Rock,15362,873,108,541,224,,,,,,,,,,,,,,24,,,,,,,,,,,,,,,,,,,,,,,,,,,,,,,,,,,,,,,,,,,,,,,,,,,,,,,,,,,,,,,,,,,,,,,,,,,,0,9,123,132,2020/07/01 14:00:00+00
137391,55105,County,Rock,20514,1228,130,764,334,,,,,,,,,,,,,,25,,,,,,,,,,,,,,,,,,,,,,,,,,,,,,,,,,,,,,,,,,,,,,,,,,,,,,,,,,,,,,,,,,,,,,,,,,,,0,28,95,123,2020/07/22 14:00:00+00
139707,55105,County,Rock,26553,1484,155,959,370,,,,,,,,,,,,,,26,,,,,,,,,,,,,,,,,,,,,,,,,,,,,,,,,,,,,,,,,,,,,,,,,,,,,,,,,,,,,,,,,,,,,,,,,,,,0,7,157,164,2020/08/16 14:00:00+00
141318,55105,County,Rock,26755,1494,155,965,374,,,,,,,,,,,,,,26,,,,,,,,,,,,,,,,,,,,,,,,,,,,,,,,,,,,,,,,,,,,,,,,,,,,,,,,,,,,,,,,,,,,,,,,,,,,0,10,202,212,2020/08/17 14:00:00+00
143131,55105,County,Rock,17886,1071,118,667,286,,,,,,,,,,,,,,24,,,,,,,,,,,,,,,,,,,,,,,,,,,,,,,,,,,,,,,,,,,,,,,,,,,,,,,,,,,,,,,,,,,,,,,,,,,,0,30,302,332,2020/07/14 14:00:00+00
143694,55105,County,Rock,17309,1008,116,619,273,,,,,,,,,,,,,,24,,,,,,,,,,,,,,,,,,,,,,,,,,,,,,,,,,,,,,,,,,,,,,,,,,,,,,,,,,,,,,,,,,,,,,,,,,,,0,26,239,265,2020/07/10 14:00:00+00
144930,55105,County,Rock,17070,982,115,603,264,,,,,,,,,,,,,,24,,,,,,,,,,,,,,,,,,,,,,,,,,,,,,,,,,,,,,,,,,,,,,,,,,,,,,,,,,,,,,,,,,,,,,,,,,,,0,18,346,364,2020/07/09 14:00:00+00
146279,55105,County,Rock,16724,964,112,582,270,,,,,,,,,,,,,,24,,,,,,,,,,,,,,,,,,,,,,,,,,,,,,,,,,,,,,,,,,,,,,,,,,,,,,,,,,,,,,,,,,,,,,,,,,,,0,17,180,197,2020/07/08 14:00:00+00
147152,55105,County,Rock,16544,947,111,577,259,,,,,,,,,,,,,,24,,,,,,,,,,,,,,,,,,,,,,,,,,,,,,,,,,,,,,,,,,,,,,,,,,,,,,,,,,,,,,,,,,,,,,,,,,,,0,7,692,699,2020/07/07 14:00:00+00
149340,55105,County,Rock,17584,1041,117,649,275,,,,,,,,,,,,,,24,,,,,,,,,,,,,,,,,,,,,,,,,,,,,,,,,,,,,,,,,,,,,,,,,,,,,,,,,,,,,,,,,,,,,,,,,,,,0,0,2,2,2020/07/13 14:00:00+00
151915,55105,County,Rock,17575,1023,117,637,269,,,,,,,,,,,,,,24,,,,,,,,,,,,,,,,,,,,,,,,,,,,,,,,,,,,,,,,,,,,,,,,,,,,,,,,,,,,,,,,,,,,,,,,,,,,0,15,266,281,2020/07/11 14:00:00+00
153390,55105,County,Rock,17582,1041,117,649,275,,,,,,,,,,,,,,24,,,,,,,,,,,,,,,,,,,,,,,,,,,,,,,,,,,,,,,,,,,,,,,,,,,,,,,,,,,,,,,,,,,,,,,,,,,,0,18,7,25,2020/07/12 14:00:00+00
154590,55105,County,Rock,19220,1124,119,714,291,,,,,,,,,,,,,,24,,,,,,,,,,,,,,,,,,,,,,,,,,,,,,,,,,,,,,,,,,,,,,,,,,,,,,,,,,,,,,,,,,,,,,,,,,,,0,21,374,395,2020/07/17 14:00:00+00
155877,55105,County,Rock,18846,1103,119,693,291,,,,,,,,,,,,,,24,,,,,,,,,,,,,,,,,,,,,,,,,,,,,,,,,,,,,,,,,,,,,,,,,,,,,,,,,,,,,,,,,,,,,,,,,,,,0,22,304,326,2020/07/16 14:00:00+00
157165,55105,County,Rock,18542,1081,118,676,287,,,,,,,,,,,,,,24,,,,,,,,,,,,,,,,,,,,,,,,,,,,,,,,,,,,,,,,,,,,,,,,,,,,,,,,,,,,,,,,,,,,,,,,,,,,0,10,656,666,2020/07/15 14:00:00+00
157507,55105,County,Rock,19647,1171,123,742,306,,,,,,,,,,,,,,24,,,,,,,,,,,,,,,,,,,,,,,,,,,,,,,,,,,,,,,,,,,,,,,,,,,,,,,,,,,,,,,,,,,,,,,,,,,,0,0,0,0,2020/07/20 14:00:00+00
158166,55105,County,Rock,20419,1200,125,754,321,,,,,,,,,,,,,,25,,,,,,,,,,,,,,,,,,,,,,,,,,,,,,,,,,,,,,,,,,,,,,,,,,,,,,,,,,,,,,,,,,,,,,,,,,,,1,29,772,801,2020/07/21 14:00:00+00
159817,55105,County,Rock,19647,1171,122,741,308,,,,,,,,,,,,,,24,,,,,,,,,,,,,,,,,,,,,,,,,,,,,,,,,,,,,,,,,,,,,,,,,,,,,,,,,,,,,,,,,,,,,,,,,,,,0,28,132,160,2020/07/19 14:00:00+00
162402,55105,County,Rock,19515,1143,122,725,296,,,,,,,,,,,,,,24,,,,,,,,,,,,,,,,,,,,,,,,,,,,,,,,,,,,,,,,,,,,,,,,,,,,,,,,,,,,,,,,,,,,,,,,,,,,0,19,295,314,2020/07/18 14:00:00+00
163925,55105,County,Rock,20971,1244,130,769,345,,,,,,,,,,,,,,25,,,,,,,,,,,,,,,,,,,,,,,,,,,,,,,,,,,,,,,,,,,,,,,,,,,,,,,,,,,,,,,,,,,,,,,,,,,,0,16,457,473,2020/07/23 14:00:00+00
166270,55105,County,Rock,25081,1432,151,918,363,,,,,,,,,,,,,,26,,,,,,,,,,,,,,,,,,,,,,,,,,,,,,,,,,,,,,,,,,,,,,,,,,,,,,,,,,,,,,,,,,,,,,,,,,,,0,7,199,206,2020/08/09 14:00:00+00
167902,55105,County,Rock,25302,1441,152,920,369,,,,,,,,,,,,,,26,,,,,,,,,,,,,,,,,,,,,,,,,,,,,,,,,,,,,,,,,,,,,,,,,,,,,,,,,,,,,,,,,,,,,,,,,,,,0,9,221,230,2020/08/10 14:00:00+00
169019,55105,County,Rock,21362,1255,133,778,344,,,,,,,,,,,,,,25,,,,,,,,,,,,,,,,,,,,,,,,,,,,,,,,,,,,,,,,,,,,,,,,,,,,,,,,,,,,,,,,,,,,,,,,,,,,0,11,391,402,2020/07/24 14:00:00+00
169546,55105,County,Rock,22856,1330,143,844,343,,,,,,,,,,,,,,26,,,,,,,,,,,,,,,,,,,,,,,,,,,,,,,,,,,,,,,,,,,,,,,,,,,,,,,,,,,,,,,,,,,,,,,,,,,,0,5,355,360,2020/07/30 14:00:00+00
172724,55105,County,Rock,22501,1325,140,837,348,,,,,,,,,,,,,,26,,,,,,,,,,,,,,,,,,,,,,,,,,,,,,,,,,,,,,,,,,,,,,,,,,,,,,,,,,,,,,,,,,,,,,,,,,,,1,20,162,182,2020/07/29 14:00:00+00
174048,55105,County,Rock,25577,1444,153,927,364,,,,,,,,,,,,,,26,,,,,,,,,,,,,,,,,,,,,,,,,,,,,,,,,,,,,,,,,,,,,,,,,,,,,,,,,,,,,,,,,,,,,,,,,,,,0,3,275,278,2020/08/11 14:00:00+00
174525,55105,County,Rock,21787,1290,135,796,359,,,,,,,,,,,,,,25,,,,,,,,,,,,,,,,,,,,,,,,,,,,,,,,,,,,,,,,,,,,,,,,,,,,,,,,,,,,,,,,,,,,,,,,,,,,0,11,100,111,2020/07/26 14:00:00+00
176627,55105,County,Rock,21687,1279,135,790,354,,,,,,,,,,,,,,25,,,,,,,,,,,,,,,,,,,,,,,,,,,,,,,,,,,,,,,,,,,,,,,,,,,,,,,,,,,,,,,,,,,,,,,,,,,,0,24,325,349,2020/07/25 14:00:00+00
177952,55105,County,Rock,22103,1299,135,802,362,,,,,,,,,,,,,,25,,,,,,,,,,,,,,,,,,,,,,,,,,,,,,,,,,,,,,,,,,,,,,,,,,,,,,,,,,,,,,,,,,,,,,,,,,,,0,9,316,325,2020/07/27 14:00:00+00
178611,55105,County,Rock,22339,1305,138,822,345,,,,,,,,,,,,,,25,,,,,,,,,,,,,,,,,,,,,,,,,,,,,,,,,,,,,,,,,,,,,,,,,,,,,,,,,,,,,,,,,,,,,,,,,,,,0,6,236,242,2020/07/28 14:00:00+00
179952,55105,County,Rock,23532,1366,145,863,358,,,,,,,,,,,,,,26,,,,,,,,,,,,,,,,,,,,,,,,,,,,,,,,,,,,,,,,,,,,,,,,,,,,,,,,,,,,,,,,,,,,,,,,,,,,0,9,236,245,2020/08/02 14:00:00+00
182107,55105,County,Rock,23810,1371,145,865,361,,,,,,,,,,,,,,26,,,,,,,,,,,,,,,,,,,,,,,,,,,,,,,,,,,,,,,,,,,,,,,,,,,,,,,,,,,,,,,,,,,,,,,,,,,,0,5,278,283,2020/08/03 14:00:00+00
182552,55105,County,Rock,23047,1342,144,853,345,,,,,,,,,,,,,,26,,,,,,,,,,,,,,,,,,,,,,,,,,,,,,,,,,,,,,,,,,,,,,,,,,,,,,,,,,,,,,,,,,,,,,,,,,,,0,12,191,203,2020/07/31 14:00:00+00
184027,55105,County,Rock,23296,1357,145,860,352,,,,,,,,,,,,,,26,,,,,,,,,,,,,,,,,,,,,,,,,,,,,,,,,,,,,,,,,,,,,,,,,,,,,,,,,,,,,,,,,,,,,,,,,,,,0,15,249,264,2020/08/01 14:00:00+00
184555,55105,County,Rock,24001,1375,146,872,357,,,,,,,,,,,,,,26,,,,,,,,,,,,,,,,,,,,,,,,,,,,,,,,,,,,,,,,,,,,,,,,,,,,,,,,,,,,,,,,,,,,,,,,,,,,0,4,191,195,2020/08/04 14:00:00+00
184942,55105,County,Rock,24227,1382,148,880,354,,,,,,,,,,,,,,26,,,,,,,,,,,,,,,,,,,,,,,,,,,,,,,,,,,,,,,,,,,,,,,,,,,,,,,,,,,,,,,,,,,,,,,,,,,,0,7,226,233,2020/08/05 14:00:00+00
189232,55105,County,Rock,24661,1410,150,895,365,,,,,,,,,,,,,,26,,,,,,,,,,,,,,,,,,,,,,,,,,,,,,,,,,,,,,,,,,,,,,,,,,,,,,,,,,,,,,,,,,,,,,,,,,,,0,15,179,194,2020/08/07 14:00:00+00
190104,55105,County,Rock,24482,1395,150,887,358,,,,,,,,,,,,,,26,,,,,,,,,,,,,,,,,,,,,,,,,,,,,,,,,,,,,,,,,,,,,,,,,,,,,,,,,,,,,,,,,,,,,,,,,,,,0,13,255,268,2020/08/06 14:00:00+00
191028,55105,County,Rock,26396,1477,155,950,372,,,,,,,,,,,,,,26,,,,,,,,,,,,,,,,,,,,,,,,,,,,,,,,,,,,,,,,,,,,,,,,,,,,,,,,,,,,,,,,,,,,,,,,,,,,0,7,218,225,2020/08/15 14:00:00+00